{"players": {" nomequalquer": {"easy": {"highscore": 115, "timestamp": 1669388745.3298934}}, " benedek": {"easy": {"highscore": 13, "timestamp": 1669388936.9637742}}}}